country,iso3,year,fixed_broadband_per100
Chile,CHL,2020,19.4305872645094
Chile,CHL,2021,22.0140443723879
Chile,CHL,2022,22.7901897178525
Chile,CHL,2023,22.9954165646133
Chile,CHL,2024,23.731405742065
Colombia,COL,2020,15.3363074463544
Colombia,COL,2021,16.4767904492313
Colombia,COL,2022,17.007465545983
Colombia,COL,2023,17.0369815251774
Colombia,COL,2024,17.2244156778185
Estonia,EST,2020,34.2700326171401
Estonia,EST,2021,37.357189680638
Estonia,EST,2022,39.7219150412824
Estonia,EST,2023,35.2539796781149
Estonia,EST,2024,35.3527186879385
Mexico,MEX,2020,17.7520559419946
Mexico,MEX,2021,19.2796725887476
Mexico,MEX,2022,20.6070256426489
Mexico,MEX,2023,20.752917384408
Mexico,MEX,2024,21.7367225364543
United Kingdom,GBR,2020,40.5775246507294
United Kingdom,GBR,2021,41.1134869970784
United Kingdom,GBR,2022,41.2867157729584
United Kingdom,GBR,2023,41.4367685540411
United Kingdom,GBR,2024,42.1648283773461
