country,iso3,year,ict_goods_exports_pct
Chile,CHL,2020,0.27
Chile,CHL,2021,0.27
Chile,CHL,2022,0.29
Chile,CHL,2023,0.21
Chile,CHL,2024,0.29
Colombia,COL,2020,0.44
Colombia,COL,2021,0.29
Colombia,COL,2022,0.27
Colombia,COL,2023,0.34
Colombia,COL,2024,0.35
Estonia,EST,2020,9.57
Estonia,EST,2021,9.77
Estonia,EST,2022,7.16
Estonia,EST,2023,7.01
Estonia,EST,2024,8.38
Mexico,MEX,2020,15.95
Mexico,MEX,2021,14.34
Mexico,MEX,2022,13.73
Mexico,MEX,2023,11.82
Mexico,MEX,2024,12.45
United Kingdom,GBR,2020,4.14
United Kingdom,GBR,2021,3.63
United Kingdom,GBR,2022,3.38
United Kingdom,GBR,2023,3.32
United Kingdom,GBR,2024,3.43
