country,iso3,year,internet_users_pct
Chile,CHL,2020,87.45929718
Chile,CHL,2021,90.23280334
Chile,CHL,2022,92.31819916
Chile,CHL,2023,94.45742345
Chile,CHL,2024,95.590243
Colombia,COL,2020,69.79533474
Colombia,COL,2021,73.02837449
Colombia,COL,2022,72.79637855
Colombia,COL,2023,77.33686322
Colombia,COL,2024,79.34543299
Estonia,EST,2020,89.05828666
Estonia,EST,2021,90.97970174
Estonia,EST,2022,91.52016546
Estonia,EST,2023,93.18342241
Estonia,EST,2024,92.23796204
Mexico,MEX,2020,71.49017499
Mexico,MEX,2021,75.62650476
Mexico,MEX,2022,78.63217894
Mexico,MEX,2023,81.18318755
Mexico,MEX,2024,83.12233799
United Kingdom,GBR,2020,94.81820132
United Kingdom,GBR,2021,96.19650269
United Kingdom,GBR,2022,95.46530151
United Kingdom,GBR,2023,95.44719696
United Kingdom,GBR,2024,95.4720993
