country,iso3,year,population_total
Chile,CHL,2015,18047625
Chile,CHL,2016,18267221
Chile,CHL,2017,18558868
Chile,CHL,2018,18893191
Chile,CHL,2019,19197744
Chile,CHL,2020,19370624
Chile,CHL,2021,19456334
Chile,CHL,2022,19553036
Chile,CHL,2023,19658835
Chile,CHL,2024,19764771
Chile,CHL,2025,19859921
Colombia,COL,2015,46969940
Colombia,COL,2016,47437512
Colombia,COL,2017,48131078
Colombia,COL,2018,49024465
Colombia,COL,2019,49907985
Colombia,COL,2020,50629997
Colombia,COL,2021,51188173
Colombia,COL,2022,51737944
Colombia,COL,2023,52321152
Colombia,COL,2024,52886363
Colombia,COL,2025,53425635
Estonia,EST,2015,1315407
Estonia,EST,2016,1315790
Estonia,EST,2017,1317384
Estonia,EST,2018,1321977
Estonia,EST,2019,1326898
Estonia,EST,2020,1329522
Estonia,EST,2021,1330932
Estonia,EST,2022,1348840
Estonia,EST,2023,1370286
Estonia,EST,2024,1372341
Estonia,EST,2025,1366475
United Kingdom,GBR,2015,65087000
United Kingdom,GBR,2016,65606000
United Kingdom,GBR,2017,65964000
United Kingdom,GBR,2018,66287000
United Kingdom,GBR,2019,66628000
United Kingdom,GBR,2020,66740000
United Kingdom,GBR,2021,66978000
United Kingdom,GBR,2022,67636000
United Kingdom,GBR,2023,68526000
United Kingdom,GBR,2024,69281000
United Kingdom,GBR,2025,69487000
Mexico,MEX,2015,121072306
Mexico,MEX,2016,122251351
Mexico,MEX,2017,123400057
Mexico,MEX,2018,124573711
Mexico,MEX,2019,125762982
Mexico,MEX,2020,126799054
Mexico,MEX,2021,127648148
Mexico,MEX,2022,128613117
Mexico,MEX,2023,129739759
Mexico,MEX,2024,130861007
Mexico,MEX,2025,131946900
